time,open,high,low,close,LUCID Connector,Bullish,Bullish+,Bearish,Bearish+,Bullish Exit,Bearish Exit,Trend Strength,Take Profit,Stop Loss,Bar Color Value,Trend Tracer,Trend Catcher,Smart Trail,Smart Trail Extremity,RZ R3 Band,RZ R2 Band,RZ R1 Band,Reversal Zones Average,RZ S1 Band,RZ S2 Band,RZ S3 Band,Neo Lead,Neo Lag,Custom Alert Condition Highlighter,Alert Scripting Condition Highlighter,@valuewhen
1754179200,36.898,37.041,36.415,36.669,9126805506,0,0,0,0,NaN,NaN,84.16075600783925,NaN,NaN,-1,NaN,NaN,NaN,NaN,NaN,NaN,NaN,NaN,NaN,NaN,NaN,NaN,NaN,NaN,NaN,NaN
1754265600,36.669,37.126,36.537,36.849,9124953906,0,0,0,0,NaN,NaN,85.23456789012345,NaN,NaN,-1,NaN,NaN,NaN,NaN,NaN,NaN,NaN,NaN,NaN,NaN,NaN,NaN,NaN,NaN,NaN,NaN
1754352000,36.849,37.203,36.721,37.089,9123102306,1,0,0,0,NaN,NaN,86.78901234567890,37.500,36.200,-1,37.100,NaN,37.050,NaN,37.800,37.600,37.400,37.000,36.600,36.400,36.200,37.150,37.000,NaN,NaN,1
1754438400,37.089,37.456,36.912,37.234,9121250706,1,1,0,0,NaN,NaN,88.45678901234567,37.600,36.300,1,37.200,37.180,37.120,37.300,37.900,37.700,37.500,37.100,36.700,36.500,36.300,37.250,37.100,1,NaN,1
1754524800,37.234,37.567,37.001,37.412,9119399106,0,0,0,0,NaN,NaN,87.12345678901234,NaN,NaN,1,37.300,37.250,37.200,NaN,38.000,37.800,37.600,37.200,36.800,36.600,36.400,37.350,37.200,NaN,NaN,NaN
1754611200,37.412,37.689,37.198,37.567,9117547506,0,0,1,0,NaN,NaN,85.67890123456789,37.200,37.800,1,37.400,37.350,37.300,37.200,38.100,37.900,37.700,37.300,36.900,36.700,36.500,37.450,37.300,NaN,1,NaN
1754697600,37.567,37.234,36.987,37.123,9115695906,0,0,1,1,NaN,NaN,82.34567890123456,37.000,37.900,-1,37.200,37.150,37.100,37.000,37.800,37.600,37.400,37.000,36.600,36.400,36.200,37.250,37.100,NaN,1,0
1754784000,37.123,37.345,36.789,37.012,9113844306,0,0,0,0,NaN,NaN,83.78901234567890,NaN,NaN,-1,37.100,37.050,37.000,NaN,37.700,37.500,37.300,36.900,36.500,36.300,36.100,37.150,37.000,NaN,NaN,NaN